"filename", "language", "Markdown", "JSON", "JavaScript", "Vue", "pip requirements", "HTML", "Python", "PostCSS", "comment", "blank", "total"
"e:\app1 (3)(1)\app1\.augment\rules\r1.md", "Markdown", 24, 0, 0, 0, 0, 0, 0, 0, 0, 21, 45
"e:\app1 (3)(1)\app1\QUICKSTART.md", "Markdown", 189, 0, 0, 0, 0, 0, 0, 0, 0, 60, 249
"e:\app1 (3)(1)\app1\README.md", "Markdown", 66, 0, 0, 0, 0, 0, 0, 0, 0, 22, 88
"e:\app1 (3)(1)\app1\backend\app.py", "Python", 0, 0, 0, 0, 0, 0, 103, 0, 8, 16, 127
"e:\app1 (3)(1)\app1\backend\requirements.txt", "pip requirements", 0, 0, 0, 0, 6, 0, 0, 0, 0, 2, 8
"e:\app1 (3)(1)\app1\frontend\index.html", "HTML", 0, 0, 0, 0, 0, 12, 0, 0, 0, 2, 14
"e:\app1 (3)(1)\app1\frontend\package-lock.json", "JSON", 0, 1585, 0, 0, 0, 0, 0, 0, 0, 1, 1586
"e:\app1 (3)(1)\app1\frontend\package.json", "JSON", 0, 21, 0, 0, 0, 0, 0, 0, 0, 1, 22
"e:\app1 (3)(1)\app1\frontend\src\App.vue", "Vue", 0, 0, 0, 86, 0, 0, 0, 0, 0, 17, 103
"e:\app1 (3)(1)\app1\frontend\src\components\EmptyState.vue", "Vue", 0, 0, 0, 54, 0, 0, 0, 0, 0, 8, 62
"e:\app1 (3)(1)\app1\frontend\src\components\Header.vue", "Vue", 0, 0, 0, 189, 0, 0, 0, 0, 0, 31, 220
"e:\app1 (3)(1)\app1\frontend\src\components\ItemCard.vue", "Vue", 0, 0, 0, 193, 0, 0, 0, 0, 0, 33, 226
"e:\app1 (3)(1)\app1\frontend\src\components\LoadingSpinner.vue", "Vue", 0, 0, 0, 41, 0, 0, 0, 0, 0, 7, 48
"e:\app1 (3)(1)\app1\frontend\src\main.js", "JavaScript", 0, 0, 16, 0, 0, 0, 0, 0, 1, 4, 21
"e:\app1 (3)(1)\app1\frontend\src\router\index.js", "JavaScript", 0, 0, 105, 0, 0, 0, 0, 0, 4, 10, 119
"e:\app1 (3)(1)\app1\frontend\src\styles\main.css", "PostCSS", 0, 0, 0, 0, 0, 0, 0, 154, 7, 30, 191
"e:\app1 (3)(1)\app1\frontend\src\utils\api.js", "JavaScript", 0, 0, 22, 0, 0, 0, 0, 0, 9, 6, 37
"e:\app1 (3)(1)\app1\frontend\src\utils\credit.js", "JavaScript", 0, 0, 123, 0, 0, 0, 0, 0, 35, 26, 184
"e:\app1 (3)(1)\app1\frontend\src\utils\init.js", "JavaScript", 0, 0, 273, 0, 0, 0, 0, 0, 16, 17, 306
"e:\app1 (3)(1)\app1\frontend\src\utils\pricing.js", "JavaScript", 0, 0, 162, 0, 0, 0, 0, 0, 42, 31, 235
"e:\app1 (3)(1)\app1\frontend\src\utils\recommend.js", "JavaScript", 0, 0, 182, 0, 0, 0, 0, 0, 39, 46, 267
"e:\app1 (3)(1)\app1\frontend\src\utils\storage.js", "JavaScript", 0, 0, 482, 0, 0, 0, 0, 0, 66, 94, 642
"e:\app1 (3)(1)\app1\frontend\src\utils\storage_backup.js", "JavaScript", 0, 0, 365, 0, 0, 0, 0, 0, 33, 84, 482
"e:\app1 (3)(1)\app1\frontend\src\views\AuthPage.vue", "Vue", 0, 0, 0, 825, 0, 0, 0, 0, 9, 147, 981
"e:\app1 (3)(1)\app1\frontend\src\views\CenterPage.vue", "Vue", 0, 0, 0, 454, 0, 0, 0, 0, 2, 80, 536
"e:\app1 (3)(1)\app1\frontend\src\views\ChatPage.vue", "Vue", 0, 0, 0, 347, 0, 0, 0, 0, 0, 63, 410
"e:\app1 (3)(1)\app1\frontend\src\views\CommunityPage.vue", "Vue", 0, 0, 0, 429, 0, 0, 0, 0, 2, 77, 508
"e:\app1 (3)(1)\app1\frontend\src\views\DealPage.vue", "Vue", 0, 0, 0, 964, 0, 0, 0, 0, 8, 160, 1132
"e:\app1 (3)(1)\app1\frontend\src\views\ItemDetailPage.vue", "Vue", 0, 0, 0, 489, 0, 0, 0, 0, 3, 85, 577
"e:\app1 (3)(1)\app1\frontend\src\views\MarketPage.vue", "Vue", 0, 0, 0, 351, 0, 0, 0, 0, 2, 62, 415
"e:\app1 (3)(1)\app1\frontend\src\views\MePage.vue", "Vue", 0, 0, 0, 537, 0, 0, 0, 0, 6, 89, 632
"e:\app1 (3)(1)\app1\frontend\src\views\OrderPage.vue", "Vue", 0, 0, 0, 455, 0, 0, 0, 0, 8, 74, 537
"e:\app1 (3)(1)\app1\frontend\src\views\ProfileSetupPage.vue", "Vue", 0, 0, 0, 455, 0, 0, 0, 0, 4, 64, 523
"e:\app1 (3)(1)\app1\frontend\src\views\PublishPage.vue", "Vue", 0, 0, 0, 500, 0, 0, 0, 0, 4, 83, 587
"e:\app1 (3)(1)\app1\frontend\src\views\RatingPage.vue", "Vue", 0, 0, 0, 491, 0, 0, 0, 0, 5, 78, 574
"e:\app1 (3)(1)\app1\frontend\vite.config.js", "JavaScript", 0, 0, 14, 0, 0, 0, 0, 0, 0, 3, 17
"e:\app1 (3)(1)\app1\如何添加真实商品图片.md", "Markdown", 142, 0, 0, 0, 0, 0, 0, 0, 0, 43, 185
"e:\app1 (3)(1)\app1\改进说明.md", "Markdown", 232, 0, 0, 0, 0, 0, 0, 0, 0, 64, 296
"Total", "-", 653, 1606, 1744, 6860, 6, 12, 103, 154, 313, 1741, 13192