{"file:///e%3A/app1%20%283%29%281%29/app1/README.md":{"language":"Markdown","code":66,"comment":0,"blank":22},"file:///e%3A/app1%20%283%29%281%29/app1/frontend/package.json":{"language":"JSON","code":21,"comment":0,"blank":1},"file:///e%3A/app1%20%283%29%281%29/app1/frontend/vite.config.js":{"language":"JavaScript","code":14,"comment":0,"blank":3},"file:///e%3A/app1%20%283%29%281%29/app1/%E6%94%B9%E8%BF%9B%E8%AF%B4%E6%98%8E.md":{"language":"Markdown","code":232,"comment":0,"blank":64},"file:///e%3A/app1%20%283%29%281%29/app1/%E5%A6%82%E4%BD%95%E6%B7%BB%E5%8A%A0%E7%9C%9F%E5%AE%9E%E5%95%86%E5%93%81%E5%9B%BE%E7%89%87.md":{"language":"Markdown","code":142,"comment":0,"blank":43},"file:///e%3A/app1%20%283%29%281%29/app1/QUICKSTART.md":{"language":"Markdown","code":189,"comment":0,"blank":60},"file:///e%3A/app1%20%283%29%281%29/app1/frontend/src/views/PublishPage.vue":{"language":"Vue","code":500,"comment":4,"blank":83},"file:///e%3A/app1%20%283%29%281%29/app1/frontend/package-lock.json":{"language":"JSON","code":1585,"comment":0,"blank":1},"file:///e%3A/app1%20%283%29%281%29/app1/frontend/src/views/OrderPage.vue":{"language":"Vue","code":455,"comment":8,"blank":74},"file:///e%3A/app1%20%283%29%281%29/app1/frontend/src/views/MePage.vue":{"language":"Vue","code":537,"comment":6,"blank":89},"file:///e%3A/app1%20%283%29%281%29/app1/frontend/src/views/RatingPage.vue":{"language":"Vue","code":491,"comment":5,"blank":78},"file:///e%3A/app1%20%283%29%281%29/app1/frontend/src/views/ProfileSetupPage.vue":{"language":"Vue","code":455,"comment":4,"blank":64},"file:///e%3A/app1%20%283%29%281%29/app1/frontend/src/views/MarketPage.vue":{"language":"Vue","code":351,"comment":2,"blank":62},"file:///e%3A/app1%20%283%29%281%29/app1/frontend/src/views/CommunityPage.vue":{"language":"Vue","code":429,"comment":2,"blank":77},"file:///e%3A/app1%20%283%29%281%29/app1/frontend/src/views/ItemDetailPage.vue":{"language":"Vue","code":489,"comment":3,"blank":85},"file:///e%3A/app1%20%283%29%281%29/app1/frontend/src/views/DealPage.vue":{"language":"Vue","code":964,"comment":8,"blank":160},"file:///e%3A/app1%20%283%29%281%29/app1/frontend/src/main.js":{"language":"JavaScript","code":16,"comment":1,"blank":4},"file:///e%3A/app1%20%283%29%281%29/app1/backend/requirements.txt":{"language":"pip requirements","code":6,"comment":0,"blank":2},"file:///e%3A/app1%20%283%29%281%29/app1/frontend/index.html":{"language":"HTML","code":12,"comment":0,"blank":2},"file:///e%3A/app1%20%283%29%281%29/app1/frontend/src/views/ChatPage.vue":{"language":"Vue","code":347,"comment":0,"blank":63},"file:///e%3A/app1%20%283%29%281%29/app1/frontend/src/views/CenterPage.vue":{"language":"Vue","code":454,"comment":2,"blank":80},"file:///e%3A/app1%20%283%29%281%29/app1/backend/app.py":{"language":"Python","code":103,"comment":8,"blank":16},"file:///e%3A/app1%20%283%29%281%29/app1/frontend/src/App.vue":{"language":"Vue","code":86,"comment":0,"blank":17},"file:///e%3A/app1%20%283%29%281%29/app1/frontend/src/components/LoadingSpinner.vue":{"language":"Vue","code":41,"comment":0,"blank":7},"file:///e%3A/app1%20%283%29%281%29/app1/frontend/src/router/index.js":{"language":"JavaScript","code":105,"comment":4,"blank":10},"file:///e%3A/app1%20%283%29%281%29/app1/frontend/src/views/AuthPage.vue":{"language":"Vue","code":825,"comment":9,"blank":147},"file:///e%3A/app1%20%283%29%281%29/app1/frontend/src/styles/main.css":{"language":"PostCSS","code":154,"comment":7,"blank":30},"file:///e%3A/app1%20%283%29%281%29/app1/frontend/src/utils/storage.js":{"language":"JavaScript","code":482,"comment":66,"blank":94},"file:///e%3A/app1%20%283%29%281%29/app1/frontend/src/components/ItemCard.vue":{"language":"Vue","code":193,"comment":0,"blank":33},"file:///e%3A/app1%20%283%29%281%29/app1/frontend/src/components/EmptyState.vue":{"language":"Vue","code":54,"comment":0,"blank":8},"file:///e%3A/app1%20%283%29%281%29/app1/frontend/src/utils/pricing.js":{"language":"JavaScript","code":162,"comment":42,"blank":31},"file:///e%3A/app1%20%283%29%281%29/app1/frontend/src/utils/recommend.js":{"language":"JavaScript","code":182,"comment":39,"blank":46},"file:///e%3A/app1%20%283%29%281%29/app1/frontend/src/components/Header.vue":{"language":"Vue","code":189,"comment":0,"blank":31},"file:///e%3A/app1%20%283%29%281%29/app1/frontend/src/utils/init.js":{"language":"JavaScript","code":273,"comment":16,"blank":17},"file:///e%3A/app1%20%283%29%281%29/app1/.augment/rules/r1.md":{"language":"Markdown","code":24,"comment":0,"blank":21},"file:///e%3A/app1%20%283%29%281%29/app1/frontend/src/utils/credit.js":{"language":"JavaScript","code":123,"comment":35,"blank":26},"file:///e%3A/app1%20%283%29%281%29/app1/frontend/src/utils/api.js":{"language":"JavaScript","code":22,"comment":9,"blank":6},"file:///e%3A/app1%20%283%29%281%29/app1/frontend/src/utils/storage_backup.js":{"language":"JavaScript","code":365,"comment":33,"blank":84}}